transaction_type,transaction_amount,second_party,last_four_digits,transaction_timestamp,transaction_category
1,30.0,Rockey,5801.0,2022-10-19 20:55:48+05:30,Other
1,5.0,,5801.0,2022-10-19 20:54:28+05:30,
1,73.0,,5801.0,2022-10-19 20:31:38+05:30,
0,3.0,,,2022-10-19 13:02:40+05:30,
1,73.0,Rockey,5801.0,2022-10-19 13:01:57+05:30,Other
1,80.0,,5801.0,2022-10-19 11:17:26+05:30,
2,80.0,,,2022-10-19 11:16:58+05:30,
1,20.0,Sp Dutta,5801.0,2022-10-18 14:33:32+05:30,Other
1,25.0,DEBRAJ CHATTERJ,5801.0,2022-10-18 10:17:28+05:30,Other
1,63.0,AFROZ AHMED,5801.0,2022-10-17 14:26:54+05:30,Other
1,40.0,,5801.0,2022-10-17 11:58:34+05:30,
1,109.0,DEBRAJ CHATTERJ,5801.0,2022-10-17 11:12:27+05:30,Other
1,4148.0,MIR,5801.0,2022-10-16 22:02:44+05:30,Food-Joints
0,1383.0,,,2022-10-16 22:02:33+05:30,
0,1383.0,,,2022-10-16 22:02:27+05:30,
1,20.0,,5801.0,2022-10-16 17:54:34+05:30,
1,430.0,HERITAGE ANNEX,5801.0,2022-10-16 17:49:29+05:30,Other
1,82.0,Rockey,5801.0,2022-10-16 16:52:30+05:30,Other
1,77.0,,,2022-10-16 16:52:03+05:30,
1,500.0,VISTAPRINT,5801.0,2022-10-16 16:19:23+05:30,E-commerce
1,72.0,Rockey,5801.0,2022-10-15 16:59:31+05:30,Other
1,20.0,,5801.0,2022-10-14 23:36:58+05:30,
1,571.0,Razorpay Software Private Limited,5801.0,2022-10-14 18:11:48+05:30,Bill
1,37.0,JOGA BEHERA,5801.0,2022-10-14 18:06:37+05:30,Other
1,20.0,Rockey,5801.0,2022-10-14 13:53:35+05:30,Other
2,80.0,,5801.0,2022-10-14 13:27:33+05:30,
1,60.0,DEBRAJ CHATTERJ,5801.0,2022-10-14 12:13:15+05:30,Other
1,169.0,YesBank,5801.0,2022-10-14 02:09:47+05:30,Apparel
1,40.0,Manoj Canteen,5801.0,2022-10-13 21:54:37+05:30,Food-Joints
1,10.0,,5801.0,2022-10-13 13:57:52+05:30,
1,70.0,Rockey,5801.0,2022-10-13 13:25:51+05:30,Other
1,78.0,,5801.0,2022-10-13 12:48:25+05:30,
1,40.0,,5801.0,2022-10-12 20:59:06+05:30,
1,43.0,Rockey,5801.0,2022-10-12 13:15:24+05:30,Other
1,30.0,Taste Imege,5801.0,2022-10-11 23:52:01+05:30,Food-Joints
1,27.0,JOGA BEHERA,5801.0,2022-10-11 16:29:15+05:30,Other
1,60.0,JOGA BEHERA,5801.0,2022-10-11 16:26:11+05:30,Other
1,25.0,HOT AND SPICK,5801.0,2022-10-11 16:22:44+05:30,Apparel
1,58.0,,5801.0,2022-10-10 21:11:25+05:30,
2,50.0,,5801.0,2022-10-10 13:21:57+05:30,
1,120.0,NURUN NISHA,5801.0,2022-10-09 21:33:06+05:30,Other
1,830.0,BP Petrol Pump Bilimoria Brothers,5801.0,2022-10-09 19:32:49+05:30,Other
1,830.0,,,2022-10-09 19:32:46+05:30,
1,112.15,IRCTC Web UPI,5801.0,2022-10-08 11:23:10+05:30,Travel
1,138.82,ixigo,5801.0,2022-10-08 11:16:12+05:30,E-commerce
1,1061.0,GOURMET VENTURE A,5801.0,2022-10-06 14:34:53+05:30,Other
1,1060.85,Zomato Online Order,5801.0,2022-10-01 11:21:53+05:30,Food
2,250.0,,5801.0,2022-09-30 15:35:50+05:30,
1,10.0,,5801.0,2022-09-30 08:46:09+05:30,
1,10.0,,5801.0,2022-09-30 02:27:29+05:30,
1,20.0,NURUN NISHA,5801.0,2022-09-29 21:11:02+05:30,Other
1,15.0,HOT AND SPICK,5801.0,2022-09-29 17:24:12+05:30,Apparel
1,25.0,HOT AND SPICK,5801.0,2022-09-29 17:17:56+05:30,Apparel
1,20.0,DEBRAJ CHATTERJ,5801.0,2022-09-29 13:11:27+05:30,Other
1,20.0,Rockey,5801.0,2022-09-29 13:00:18+05:30,Other
1,80.0,Rockey,5801.0,2022-09-29 12:59:24+05:30,Other
1,40.0,NURUN NISHA,5801.0,2022-09-28 21:05:20+05:30,Other
1,55.0,,5801.0,2022-09-28 20:59:37+05:30,
1,43.0,,5801.0,2022-09-28 20:22:18+05:30,
2,400.0,,5801.0,2022-09-28 14:29:29+05:30,
1,96.0,Rockey,5801.0,2022-09-27 12:37:42+05:30,Other
1,504.0,SHARMA FOODS,5801.0,2022-09-26 21:34:23+05:30,Food-Joints
1,30.0,NURUN NISHA,5801.0,2022-09-26 12:45:33+05:30,Other
1,92.0,Rockey,5801.0,2022-09-26 12:23:15+05:30,Other
2,1191.0,,5801.0,2022-09-25 23:05:28+05:30,
1,51.0,,5801.0,2022-09-25 21:37:46+05:30,
1,288.0,,5801.0,2022-09-25 20:37:44+05:30,
1,58.0,Rockey,5801.0,2022-09-25 11:05:25+05:30,Other
1,60.0,HOT AND SPICK,5801.0,2022-09-24 22:07:03+05:30,Apparel
1,180.0,HOT AND SPICK,5801.0,2022-09-24 21:41:03+05:30,Apparel
1,57.0,Sp Dutta,5801.0,2022-09-24 17:29:58+05:30,Other
1,35.0,Sp Dutta,5801.0,2022-09-24 17:21:18+05:30,Other
1,35.0,HOT AND SPICK,5801.0,2022-09-24 17:17:47+05:30,Apparel
1,57.0,Rockey,5801.0,2022-09-24 12:36:25+05:30,Other
1,2268.0,CHAIBREAK KHARAGPUR,5801.0,2022-09-23 15:51:40+05:30,Other
1,64.0,,5801.0,2022-09-23 12:55:17+05:30,
1,35.0,,5801.0,2022-09-22 20:47:56+05:30,
1,91.0,,5801.0,2022-09-22 20:22:12+05:30,
1,20.0,Rockey,5801.0,2022-09-22 13:31:46+05:30,Other
2,30.0,,5801.0,2022-09-22 08:41:26+05:30,
1,34.0,Neascafe,5801.0,2022-09-22 03:40:02+05:30,Food-Joints
1,50.0,Night Canteen,5801.0,2022-09-21 17:31:13+05:30,Food-Joints
1,94.0,Rockey,5801.0,2022-09-21 12:28:48+05:30,Other
1,23.0,,5801.0,2022-09-21 11:26:33+05:30,
1,10.0,,5801.0,2022-09-21 08:35:45+05:30,
1,40.0,Sp Dutta,5801.0,2022-09-20 16:23:56+05:30,Other
1,80.0,,5801.0,2022-09-20 16:22:06+05:30,
1,120.0,DEBRAJ CHATTERJ,5801.0,2022-09-20 09:03:56+05:30,Other
1,543.0,MIR,5801.0,2022-09-19 22:23:23+05:30,Food-Joints
1,33.0,Rockey,5801.0,2022-09-19 11:22:02+05:30,Other
1,70.0,HOT AND SPICK,5801.0,2022-09-18 21:22:30+05:30,Apparel
1,80.0,NURUN NISHA,5801.0,2022-09-18 12:32:52+05:30,Other
1,4236.57,LE TRAVENUES TECHNOLOGY PRIVATE LIMITED,5801.0,2022-09-17 17:57:54+05:30,Other
1,50.0,Rockey,5801.0,2022-09-17 13:34:58+05:30,Other
1,654.3,IRCTC Web UPI,5801.0,2022-09-17 13:05:59+05:30,Travel
1,34.0,Neascafe,5801.0,2022-09-17 02:23:23+05:30,Food-Joints
1,60.0,,5801.0,2022-09-16 21:07:44+05:30,
2,80.0,,5801.0,2022-09-16 13:33:01+05:30,
1,340.0,,5801.0,2022-09-16 12:57:48+05:30,
1,838.0,,5801.0,2022-09-15 23:44:13+05:30,
1,30.0,Sp Dutta,5801.0,2022-09-15 16:58:11+05:30,Other
1,12.0,PRADIP BEHERA,5801.0,2022-09-15 16:48:17+05:30,Other
1,140.0,Sp Dutta,5801.0,2022-09-15 16:14:25+05:30,Other
1,40.0,,5801.0,2022-09-15 10:21:48+05:30,
1,100.0,PRABAL DUTTA,5801.0,2022-09-15 10:07:56+05:30,Other
0,20.0,,,2022-09-15 08:16:03+05:30,
1,110.0,Rockey,5801.0,2022-09-14 14:02:15+05:30,Other
1,40.0,SUBRATA PAL,5801.0,2022-09-14 11:18:31+05:30,Other
1,80.0,DEBRAJ CHATTERJ,5801.0,2022-09-14 11:05:23+05:30,Other
1,27.0,Neascafe,5801.0,2022-09-14 01:02:00+05:30,Food-Joints
2,170.0,,5801.0,2022-09-13 19:46:28+05:30,
1,1178.82,JioFiber,5801.0,2022-09-12 14:51:31+05:30,Other
2,140.0,,5801.0,2022-09-12 10:11:43+05:30,
1,68.0,Rockey,5801.0,2022-09-12 09:50:05+05:30,Other
1,20.0,Sp Dutta,5801.0,2022-09-11 18:58:36+05:30,Other
1,36.0,,5801.0,2022-09-11 18:56:41+05:30,
1,30.0,Sp Dutta,5801.0,2022-09-11 18:46:31+05:30,Other
1,102.15,IRCTC Web UPI,5801.0,2022-09-11 15:56:15+05:30,Travel
1,112.15,IRCTC Web UPI,5801.0,2022-09-11 15:48:58+05:30,Travel
1,150.0,Mtsc,5801.0,2022-09-11 14:47:45+05:30,Other
1,58.0,Rockey,5801.0,2022-09-11 09:41:14+05:30,Other
1,33.0,,,2022-09-11 09:40:36+05:30,
2,260.0,,5801.0,2022-09-10 20:48:05+05:30,
1,60.0,JERRY AND CO,5801.0,2022-09-10 20:35:46+05:30,Other
1,683.0,FOOD STUDIO RESTAURANT AND CAFE,5801.0,2022-09-10 20:22:20+05:30,Other
2,120.0,,5801.0,2022-09-10 18:47:47+05:30,
1,37.0,Rockey,5801.0,2022-09-10 13:40:16+05:30,Other
1,42.0,Rockey,5801.0,2022-09-09 13:33:17+05:30,Other
1,70.0,DEBRAJ CHATTERJ,5801.0,2022-09-09 12:13:34+05:30,Other
1,57.0,,5801.0,2022-09-08 20:14:10+05:30,
1,57.0,,5801.0,2022-09-08 20:13:32+05:30,
2,40.0,,5801.0,2022-09-08 10:20:25+05:30,
2,100.0,,5801.0,2022-09-08 08:42:59+05:30,
1,25.0,,5801.0,2022-09-07 23:55:04+05:30,
1,25.0,,,2022-09-07 23:54:35+05:30,
1,60.0,,5801.0,2022-09-07 17:24:34+05:30,
2,11442.0,,5801.0,2022-09-07 15:15:20+05:30,
1,6954.02,Life Insurance Corporation of India (LIC),5801.0,2022-09-07 12:28:59+05:30,Other
1,4636.02,Life Insurance Corporation of India (LIC),5801.0,2022-09-07 12:27:57+05:30,Other
1,55.0,Fast Food,5801.0,2022-09-07 11:16:02+05:30,Food-Joints
1,703.0,Fast Food,5801.0,2022-09-07 11:05:51+05:30,Food-Joints
1,40.0,,5801.0,2022-09-07 10:06:23+05:30,
2,100.0,,5801.0,2022-09-07 01:26:23+05:30,
2,100.0,,,2022-09-07 01:25:33+05:30,
1,20.0,NURUN NISHA,5801.0,2022-09-06 21:53:42+05:30,Other
1,75.0,,5801.0,2022-09-06 21:46:38+05:30,
1,62.0,,5801.0,2022-09-06 21:29:41+05:30,
1,30.0,,5801.0,2022-09-06 12:03:17+05:30,
2,40.0,,5801.0,2022-09-05 13:26:13+05:30,
1,40.0,,5801.0,2022-09-05 12:01:47+05:30,
1,35.0,NURUN NISHA,5801.0,2022-09-04 18:10:56+05:30,Other
1,35.0,NURUN NISHA,5801.0,2022-09-04 18:10:31+05:30,Other
1,87.0,Rockey,5801.0,2022-09-04 13:58:31+05:30,Other
2,240.0,,5801.0,2022-09-03 22:13:14+05:30,
1,425.0,,5801.0,2022-09-03 21:49:41+05:30,
1,20.0,Rockey,5801.0,2022-09-03 17:47:36+05:30,Other
1,66.0,Rockey,5801.0,2022-09-03 17:43:15+05:30,Other
1,20.0,Rockey,5801.0,2022-09-03 13:42:47+05:30,Other
1,72.0,,5801.0,2022-09-03 02:04:40+05:30,
1,67.0,Rockey,5801.0,2022-09-02 13:55:49+05:30,Other
2,40.0,,5801.0,2022-09-02 13:16:37+05:30,
1,110.0,DEBRAJ CHATTERJ,5801.0,2022-09-02 12:19:55+05:30,Other
1,27.0,,5801.0,2022-09-02 00:43:54+05:30,
2,1100.0,,5801.0,2022-09-02 00:42:45+05:30,
1,10.0,,5801.0,2022-09-01 19:46:34+05:30,
1,25.0,,5801.0,2022-09-01 19:45:17+05:30,
1,33.0,Rockey,5801.0,2022-09-01 14:17:00+05:30,Other
2,80.0,,5801.0,2022-09-01 10:13:25+05:30,
2,80.0,,,2022-09-01 10:13:09+05:30,
1,100.0,Sp Dutta,5801.0,2022-08-31 17:50:46+05:30,Other
1,45.0,DEBRAJ CHATTERJ,5801.0,2022-08-31 15:47:34+05:30,Other
2,40.0,,5801.0,2022-08-31 12:35:25+05:30,
1,200.0,Smart Pind,5801.0,2022-08-31 12:26:58+05:30,Bill
1,30.0,Rockey,5801.0,2022-08-30 12:35:41+05:30,Other
1,72.0,Rockey,5801.0,2022-08-30 12:35:02+05:30,Other
1,97.0,DEBRAJ CHATTERJ,5801.0,2022-08-30 09:09:01+05:30,Other
1,73.0,,,2022-08-30 09:08:47+05:30,
1,8.0,,5801.0,2022-08-29 10:10:50+05:30,
2,1500.0,,5801.0,2022-08-28 23:05:48+05:30,
0,1500.0,,,2022-08-28 22:49:55+05:30,
0,1000.0,,,2022-08-28 22:34:02+05:30,
1,5.0,MIR JAMIR ALI,5801.0,2022-08-28 21:48:11+05:30,Other
1,273.0,,5801.0,2022-08-28 21:37:33+05:30,
1,1365.0,MIR,5801.0,2022-08-28 21:36:59+05:30,Food-Joints
1,70.0,NURUN NISHA,5801.0,2022-08-28 13:23:01+05:30,Other
1,15.0,MIR JAMIR ALI,5801.0,2022-08-27 21:07:27+05:30,Other
1,512.0,MIR,5801.0,2022-08-27 21:04:03+05:30,Food-Joints
1,50.0,DEBRAJ CHATTERJ,5801.0,2022-08-26 17:38:19+05:30,Other
1,2.0,Rockey,5801.0,2022-08-26 13:29:59+05:30,Other
1,113.0,Rockey,5801.0,2022-08-26 13:28:42+05:30,Other
1,20.0,,5801.0,2022-08-26 13:16:05+05:30,
1,213.0,,5801.0,2022-08-25 22:09:27+05:30,
1,70.0,,5801.0,2022-08-25 17:06:03+05:30,
1,27.0,Rockey,5801.0,2022-08-25 16:59:09+05:30,Other
1,62.0,Rockey,5801.0,2022-08-25 11:30:52+05:30,Other
2,1200.0,,5801.0,2022-08-25 10:26:51+05:30,
2,80.0,,5801.0,2022-08-25 10:20:08+05:30,
1,65.0,,5801.0,2022-08-23 20:01:18+05:30,
1,270.0,NURUN NISHA,5801.0,2022-08-23 14:16:28+05:30,Other
1,42.0,,5801.0,2022-08-23 12:40:12+05:30,
1,55.0,DEBRAJ CHATTERJ,5801.0,2022-08-23 11:02:50+05:30,Other
1,66.0,Rockey,5801.0,2022-08-22 09:31:10+05:30,Other
1,41.0,,,2022-08-22 09:30:48+05:30,
1,491.0,Smart Pind,5801.0,2022-08-21 23:17:57+05:30,Bill
1,400.0,RAJA NIRAJ MANUEL,5801.0,2022-08-20 22:50:08+05:30,Other
0,20.0,,,2022-08-20 20:28:07+05:30,
1,80.0,Mr AJAY RANA,5801.0,2022-08-20 19:57:03+05:30,Other
1,10.0,Rockey,5801.0,2022-08-20 12:45:47+05:30,Other
1,1957.0,CCAVENUES,5801.0,2022-08-20 10:49:19+05:30,Other
1,25.0,Rockey,5801.0,2022-08-20 09:56:45+05:30,Other
2,222.0,,5801.0,2022-08-19 21:21:21+05:30,
2,222.0,,,2022-08-19 21:21:09+05:30,
1,58.0,Rockey,5801.0,2022-08-19 11:13:07+05:30,Other
1,33.0,,5801.0,2022-08-18 22:37:33+05:30,
1,259.0,,5801.0,2022-08-18 21:42:40+05:30,
1,16.0,,5801.0,2022-08-18 19:10:32+05:30,
1,35.0,HERITAGE ANNEX,5801.0,2022-08-18 18:58:23+05:30,Other
2,25.0,,5801.0,2022-08-18 18:53:37+05:30,
1,37.0,Rockey,5801.0,2022-08-18 13:36:28+05:30,Other
1,20.0,,5801.0,2022-08-17 22:41:27+05:30,
0,290.0,,,2022-08-17 21:23:12+05:30,
0,290.0,,,2022-08-17 21:23:06+05:30,
0,290.0,,,2022-08-17 21:23:05+05:30,
1,1742.0,MIR,5801.0,2022-08-17 21:22:05+05:30,Food-Joints
1,43.0,Rockey,5801.0,2022-08-17 13:31:14+05:30,Other
2,40.0,,5801.0,2022-08-17 11:20:43+05:30,
1,28.0,,5801.0,2022-08-16 23:57:16+05:30,
1,164.0,DEBRAJ CHATTERJ,5801.0,2022-08-16 11:11:26+05:30,Other
1,90.0,NURUN NISHA,5801.0,2022-08-15 20:59:35+05:30,Other
1,2125.0,REGAL HOSPITALITY,5801.0,2022-08-14 20:32:31+05:30,Other
1,7.08,Razorpay,5801.0,2022-08-14 01:54:55+05:30,Bill
1,307.92,Razorpay,5801.0,2022-08-14 01:54:53+05:30,Bill
1,282.85,IRCTC Web UPI,5801.0,2022-08-14 01:49:43+05:30,Travel
1,7.08,Ixigo,5801.0,2022-08-14 01:13:03+05:30,E-commerce
1,307.92,Ixigo,5801.0,2022-08-14 00:55:26+05:30,E-commerce
1,538.57,Netmeds Marketplace Ltd,5801.0,2022-08-13 16:35:49+05:30,Other
2,80.0,,5801.0,2022-08-12 14:09:07+05:30,
1,400.0,,5801.0,2022-08-11 22:39:52+05:30,
0,1500.0,,,2022-08-11 13:10:46+05:30,
1,10.0,Rockey,5801.0,2022-08-11 12:41:22+05:30,Other
0,1500.0,,,2022-08-10 20:17:54+05:30,
1,20.0,Rockey,5801.0,2022-08-10 20:07:22+05:30,Other
0,1500.0,,,2022-08-10 20:01:04+05:30,
1,475.21,Netmeds Marketplace Ltd,5801.0,2022-08-10 19:16:59+05:30,Other
1,736.58,Pharmeasy,5801.0,2022-08-10 13:31:51+05:30,Other
1,33.0,Rockey,5801.0,2022-08-10 13:22:08+05:30,Other
1,42.0,Rockey,5801.0,2022-08-10 11:07:37+05:30,Other
2,500.0,,5801.0,2022-08-09 19:55:17+05:30,
1,20.0,Rockey,5801.0,2022-08-09 19:30:56+05:30,Other
1,741.85,Pharmeasy,5801.0,2022-08-09 19:29:01+05:30,Other
2,20.0,,5801.0,2022-08-09 18:43:43+05:30,
2,220.0,,5801.0,2022-08-09 18:15:04+05:30,
1,741.85,,,2022-08-09 15:55:39+05:30,
1,68.0,Rockey,5801.0,2022-08-09 13:45:39+05:30,Other
2,400.0,,5801.0,2022-08-09 10:17:24+05:30,
1,200.0,,5801.0,2022-08-08 20:03:10+05:30,
1,130.0,N Krishna Rao,5801.0,2022-08-08 19:55:41+05:30,Other
2,20.0,,5801.0,2022-08-08 16:49:23+05:30,
2,200.0,,5801.0,2022-08-08 15:14:59+05:30,
2,200.0,,,2022-08-08 15:14:49+05:30,
1,35.0,,5801.0,2022-08-08 09:41:12+05:30,
1,15.0,Rockey,5801.0,2022-08-07 17:35:02+05:30,Other
1,43.0,Rockey,5801.0,2022-08-07 12:20:42+05:30,Other
1,30.0,Zaaiqa,5801.0,2022-08-06 18:50:57+05:30,Other
1,25.0,Zaaiqa,5801.0,2022-08-06 18:20:27+05:30,Other
1,22.0,HERITAGE ANNEX,5801.0,2022-08-06 18:08:45+05:30,Other
1,10.0,Rockey,5801.0,2022-08-06 13:55:07+05:30,Other
1,60.0,Mr BABLU DEY,5801.0,2022-08-06 12:41:57+05:30,Other
1,105.0,,5801.0,2022-08-06 12:34:34+05:30,
1,60.0,PRADIP KUMAR GUPTA,5801.0,2022-08-06 11:58:57+05:30,Other
1,75.0,,5801.0,2022-08-06 01:47:29+05:30,
2,41.0,,5801.0,2022-08-06 01:45:59+05:30,
1,62.0,HERITAGE ANNEX,5801.0,2022-08-05 19:20:57+05:30,Other
1,100.0,Zaaiqa,5801.0,2022-08-05 18:58:41+05:30,Other
1,95.0,,,2022-08-05 18:58:21+05:30,
1,65.0,Rockey,5801.0,2022-08-05 10:34:18+05:30,Other
1,32.0,,5801.0,2022-08-05 10:32:51+05:30,
1,32.0,,5801.0,2022-08-05 10:25:38+05:30,
0,281.0,,,2022-08-04 22:50:25+05:30,
1,80.0,,5801.0,2022-08-04 22:50:16+05:30,
1,280.0,,5801.0,2022-08-04 22:50:07+05:30,
1,200.0,,5801.0,2022-08-04 22:50:05+05:30,
0,280.0,,,2022-08-04 22:47:53+05:30,
1,1947.0,,5801.0,2022-08-04 22:46:55+05:30,
1,10.0,,5801.0,2022-08-04 22:07:40+05:30,
1,42.0,,5801.0,2022-08-04 19:49:26+05:30,
1,66.0,Rockey,5801.0,2022-08-04 12:28:31+05:30,Other
2,60.0,,5801.0,2022-08-04 10:53:07+05:30,
1,20.0,Night Canteen,5801.0,2022-08-03 23:59:30+05:30,Food-Joints
1,46.0,,5801.0,2022-08-03 21:19:44+05:30,
1,20.0,,5801.0,2022-08-03 21:12:16+05:30,
1,20.0,JOY TRINATH DASAKARM,5801.0,2022-08-03 19:58:52+05:30,Other
1,20.0,,,2022-08-03 19:57:59+05:30,
1,145.0,KUSUM STEEL EMPORIUM,5801.0,2022-08-03 19:50:17+05:30,Other
1,120.0,,5801.0,2022-08-03 19:40:05+05:30,
1,60.0,Sp Dutta,5801.0,2022-08-03 18:00:41+05:30,Other
1,30.0,,5801.0,2022-08-03 17:58:56+05:30,
1,1199.0,AMAZON SELLER SERVICES PRIVATE LIMITED,5801.0,2022-08-01 10:40:35+05:30,Other
2,150.0,,5801.0,2022-08-01 10:12:17+05:30,
1,33.0,Rockey,5801.0,2022-07-31 18:43:38+05:30,Other
1,526.08,ixigo,5801.0,2022-07-31 15:10:47+05:30,E-commerce
1,10620.0,Agoda,5801.0,2022-07-31 14:45:38+05:30,E-commerce
1,45.0,Rockey,5801.0,2022-07-31 13:47:15+05:30,Other
1,1275.67,ixigo,5801.0,2022-07-31 12:47:02+05:30,E-commerce
1,333.0,MIR,5801.0,2022-07-30 20:00:00+05:30,Food-Joints
1,40.0,Bhola Kumar,5801.0,2022-07-30 10:26:32+05:30,Other
1,33.0,Rockey,5801.0,2022-07-30 10:16:48+05:30,Other
1,80.0,Sp Dutta,5801.0,2022-07-29 18:16:50+05:30,Other
1,10.0,Rockey,5801.0,2022-07-29 13:52:39+05:30,Other
1,2358.0,MediBuddy Infiniti,5801.0,2022-07-29 13:25:55+05:30,Other
1,35.0,,5801.0,2022-07-28 21:09:51+05:30,
1,50.0,,5801.0,2022-07-28 20:51:09+05:30,
1,25.0,,5801.0,2022-07-28 20:47:36+05:30,
1,290.0,,5801.0,2022-07-28 13:45:01+05:30,
1,33.0,Rockey,5801.0,2022-07-28 12:45:55+05:30,Other
1,35.0,,5801.0,2022-07-27 21:54:28+05:30,
1,1209.0,MediBuddy Infiniti,5801.0,2022-07-27 13:04:25+05:30,Other
1,408.0,Razorpay,5801.0,2022-07-27 12:59:22+05:30,Bill
1,408.0,MediBuddy Infiniti,5801.0,2022-07-27 00:03:35+05:30,Other
2,500.0,,5801.0,2022-07-26 14:07:36+05:30,
1,575.67,,5801.0,2022-07-26 13:26:44+05:30,
1,6970.0,Amazon Pay,5801.0,2022-07-25 17:44:32+05:30,E-commerce
1,2912.0,1794 Ls Quest Mall Kolkata,5801.0,2022-07-24 19:22:48+05:30,Other
0,680.0,,,2022-07-20 13:37:14+05:30,
1,1021.51,Ixigo,5801.0,2022-07-20 12:13:23+05:30,E-commerce
2,395.0,,5801.0,2022-07-17 10:00:29+05:30,
2,586.0,,5801.0,2022-07-16 23:37:20+05:30,
2,740.0,,5801.0,2022-07-16 23:35:55+05:30,
2,740.0,,5801.0,2022-07-16 23:35:44+05:30,
1,1727.0,Ktc Events And Hospi,5801.0,2022-07-16 23:14:45+05:30,Other
1,50.0,,5801.0,2022-07-15 20:52:56+05:30,
1,234.0,Subway Central Plaza,5801.0,2022-07-13 21:23:11+05:30,Other
1,1423.0,MY TEA CHAPEL PRIVATE LIMITED,5801.0,2022-07-12 21:14:10+05:30,Other
1,185.0,Le Marche South Point Lmsp,5801.0,2022-07-12 20:54:24+05:30,Other
1,81.0,24seven C029,5801.0,2022-07-11 21:52:45+05:30,Other
1,66.0,APOLLO PHARMACY,5801.0,2022-07-11 21:47:30+05:30,Other
1,472.0,R S VENTURES,5801.0,2022-07-11 19:39:21+05:30,Other
0,1000.0,,,2022-07-11 10:44:58+05:30,
1,1523.0,MATCHLESS RESTAURANT PRIV,5801.0,2022-07-10 14:51:05+05:30,Other
0,1000.0,,,2022-07-10 14:02:26+05:30,
1,551.0,Laroca Worldmark 1,5801.0,2022-07-10 13:35:06+05:30,Other
1,431.0,DELICIOUS DESSERTS,5801.0,2022-07-08 23:26:13+05:30,Other
1,390.0,PVR Cinemas,5801.0,2022-07-06 20:50:25+05:30,Other
1,200.0,PVR Cinemas,5801.0,2022-07-06 20:47:33+05:30,Other
1,374.5,Zomato,5801.0,2022-07-05 21:18:42+05:30,Food
1,290.0,Subway Central Plaza,5801.0,2022-07-03 21:20:28+05:30,Other
1,105.0,Bbinstant,5801.0,2022-07-02 15:00:22+05:30,E-commerce
2,2238.0,,5801.0,2022-06-30 09:26:55+05:30,
1,2305.97,ixigo,5801.0,2022-06-29 22:18:38+05:30,E-commerce
2,145.0,,5801.0,2022-06-29 21:53:47+05:30,
2,80.0,,5801.0,2022-06-27 22:18:08+05:30,
1,156.0,,5801.0,2022-06-27 01:06:53+05:30,
1,190.0,Subway Central Plaza,5801.0,2022-06-26 22:15:16+05:30,Other
1,470.0,BLOOMBAY ENTERPRISES,5801.0,2022-06-26 21:43:30+05:30,Other
1,130.0,Bbinstant,5801.0,2022-06-25 13:37:11+05:30,E-commerce
1,310.0,Subway Central Plaza,5801.0,2022-06-19 22:16:08+05:30,Other
1,95.0,,5801.0,2022-06-18 23:21:08+05:30,
1,1500.0,Guru Dronacharya Shooting Range,5801.0,2022-06-18 20:04:50+05:30,Other
1,70.0,Bbinstant,5801.0,2022-06-18 13:10:18+05:30,E-commerce
1,80.0,Bbinstant,5801.0,2022-06-11 13:52:06+05:30,E-commerce
1,50.0,Bbinstant,5801.0,2022-06-08 19:24:20+05:30,E-commerce
1,520.0,Wikimedia,5801.0,2022-06-08 14:11:49+05:30,Other
1,157.5,DOTPE PVT LTD,5801.0,2022-06-07 13:44:31+05:30,Other
1,75.0,Ranjit Paan Shop,5801.0,2022-06-04 19:59:42+05:30,Other
2,1612.0,,5801.0,2022-06-03 17:52:57+05:30,
2,275.0,,5801.0,2022-05-19 14:11:49+05:30,
0,3.0,,,2022-05-15 09:07:48+05:30,
1,719.0,Vi Prepaid,5801.0,2022-05-15 09:07:21+05:30,Bill
1,2000.0,,5801.0,2022-05-11 19:52:51+05:30,
1,2000.0,,,2022-05-11 19:52:39+05:30,
2,1000.0,,5801.0,2022-05-11 19:21:19+05:30,
1,3000.0,,5801.0,2022-05-11 18:53:05+05:30,
1,7000.0,,5801.0,2022-05-11 18:41:56+05:30,
0,125.0,,,2022-05-11 16:25:25+05:30,
0,125.0,,,2022-05-11 16:25:15+05:30,
1,100000.0,Kotak Securities Limited,5801.0,2022-05-06 11:38:09+05:30,Other
1,666.0,Vi Prepaid,5801.0,2022-05-05 11:53:26+05:30,Bill
0,4.0,,,2022-05-04 03:43:59+05:30,
1,150.0,,5801.0,2022-05-03 19:58:06+05:30,
1,10.0,,5801.0,2022-05-03 19:55:01+05:30,
1,10.0,,5801.0,2022-05-03 19:54:29+05:30,
2,1000.0,,5801.0,2022-05-02 16:25:25+05:30,
2,28.0,,5801.0,2022-05-01 18:44:38+05:30,
2,20.0,,,2022-05-01 18:44:31+05:30,
2,98.0,,5801.0,2022-04-26 18:03:55+05:30,
2,364.0,,5801.0,2022-04-25 11:46:00+05:30,
2,652.0,,5801.0,2022-04-23 16:41:32+05:30,
1,27440.0,,5801.0,2022-04-21 18:24:14+05:30,
1,490.0,,5801.0,2022-04-21 14:19:22+05:30,
1,490.0,,5801.0,2022-04-21 14:15:57+05:30,
0,490.0,,,2022-04-21 14:11:39+05:30,
0,490.0,,,2022-04-21 13:58:18+05:30,
1,490.0,,5801.0,2022-04-21 13:55:31+05:30,
0,490.0,,,2022-04-21 13:43:56+05:30,
1,490.0,,5801.0,2022-04-20 23:51:52+05:30,
1,490.0,,5801.0,2022-04-20 23:41:08+05:30,
0,490.0,,,2022-04-20 22:10:12+05:30,
0,490.0,,,2022-04-20 21:30:08+05:30,
1,280.0,,5801.0,2022-04-20 11:16:59+05:30,
2,420.0,,5801.0,2022-04-20 10:50:08+05:30,
2,420.0,,,2022-04-20 10:50:00+05:30,
2,598.0,,5801.0,2022-04-20 10:49:01+05:30,
2,80.0,,5801.0,2022-04-20 08:26:38+05:30,
2,200.0,,5801.0,2022-04-20 08:02:09+05:30,
0,490.0,,,2022-04-20 01:23:30+05:30,
0,490.0,,,2022-04-19 23:31:01+05:30,
1,20.0,Stationary Shop,5801.0,2022-04-19 23:19:06+05:30,E-commerce
1,490.0,,5801.0,2022-04-19 22:51:58+05:30,
1,60.0,Rockey,5801.0,2022-04-19 21:04:34+05:30,Other
1,30.0,,,2022-04-19 21:03:51+05:30,
1,490.0,,5801.0,2022-04-19 19:35:58+05:30,
1,490.0,,5801.0,2022-04-19 18:42:22+05:30,
0,490.0,,,2022-04-19 17:26:10+05:30,
1,20.0,,5801.0,2022-04-19 16:51:01+05:30,
1,40.0,Sp Dutta,5801.0,2022-04-19 14:49:02+05:30,Other
1,391.02,LE TRAVENUES TECHNOLOGY PRIVATE LIMITED,5801.0,2022-04-19 14:17:55+05:30,Other
0,490.0,,,2022-04-19 14:12:59+05:30,
1,30.0,,5801.0,2022-04-19 13:31:41+05:30,
1,350.0,,5801.0,2022-04-19 13:27:27+05:30,
1,490.0,,5801.0,2022-04-19 11:31:27+05:30,
1,490.0,,5801.0,2022-04-19 00:26:57+05:30,
0,490.0,,,2022-04-18 23:36:07+05:30,
0,490.0,,,2022-04-18 23:35:10+05:30,
0,490.0,,,2022-04-18 23:29:13+05:30,
1,18.0,,5801.0,2022-04-18 23:28:27+05:30,
1,25.0,,5801.0,2022-04-18 23:27:45+05:30,
1,490.0,,5801.0,2022-04-18 23:25:44+05:30,
0,490.0,,,2022-04-18 23:23:36+05:30,
0,490.0,,,2022-04-18 23:20:14+05:30,
1,490.0,,5801.0,2022-04-18 23:11:26+05:30,
1,490.0,,5801.0,2022-04-18 22:36:32+05:30,
0,490.0,,,2022-04-18 21:46:14+05:30,
0,490.0,,,2022-04-18 21:32:25+05:30,
0,490.0,,,2022-04-18 20:53:02+05:30,
1,490.0,,5801.0,2022-04-18 20:47:07+05:30,
0,490.0,,,2022-04-18 20:44:48+05:30,
0,490.0,,,2022-04-18 20:44:43+05:30,
1,40.0,Sp Dutta,5801.0,2022-04-18 20:18:03+05:30,Other
1,490.0,,5801.0,2022-04-18 16:32:20+05:30,
0,605.0,,,2022-04-18 16:24:00+05:30,
1,490.0,,5801.0,2022-04-18 16:22:21+05:30,
0,490.0,,,2022-04-18 16:14:31+05:30,
0,7000.0,,,2022-04-18 16:13:54+05:30,
0,490.0,,,2022-04-18 15:05:05+05:30,
1,490.0,,5801.0,2022-04-18 14:30:31+05:30,
0,490.0,,,2022-04-18 14:18:32+05:30,
1,72.0,Rockey,5801.0,2022-04-18 14:00:03+05:30,Other
1,47.0,,,2022-04-18 13:59:27+05:30,
0,490.0,,,2022-04-18 13:58:45+05:30,
1,4.0,,5801.0,2022-04-18 13:57:52+05:30,
0,490.0,,,2022-04-18 13:40:21+05:30,
0,490.0,,,2022-04-18 13:37:43+05:30,
0,490.0,,,2022-04-18 13:20:59+05:30,
0,490.0,,,2022-04-18 13:00:17+05:30,
1,80.0,,5801.0,2022-04-18 13:00:01+05:30,
0,490.0,,,2022-04-18 12:54:18+05:30,
0,490.0,,,2022-04-18 12:53:40+05:30,
0,490.0,,,2022-04-18 12:52:26+05:30,
1,490.0,,5801.0,2022-04-18 12:42:04+05:30,
0,490.0,,,2022-04-18 12:33:01+05:30,
0,490.0,,,2022-04-18 12:29:46+05:30,
1,490.0,,5801.0,2022-04-18 12:28:59+05:30,
1,490.0,,5801.0,2022-04-18 12:26:54+05:30,
1,900.0,,5801.0,2022-04-18 12:23:28+05:30,
2,590.0,,5801.0,2022-04-18 08:58:26+05:30,
1,30.0,,5801.0,2022-04-18 00:42:09+05:30,
1,32.0,Rockey,5801.0,2022-04-17 14:29:45+05:30,Other
1,33.0,Rockey,5801.0,2022-04-17 14:21:46+05:30,Other
1,705.78,ixigo,5801.0,2022-04-17 12:31:15+05:30,E-commerce
0,76.0,,,2022-04-17 12:24:25+05:30,
1,32.0,Rockey,5801.0,2022-04-17 09:37:03+05:30,Other
1,10.0,,5801.0,2022-04-16 23:44:38+05:30,
2,418.0,,5801.0,2022-04-16 22:45:15+05:30,
2,7000.0,,5801.0,2022-04-16 18:26:46+05:30,
1,10.0,Rockey,5801.0,2022-04-16 14:27:27+05:30,Other
1,43.0,Rockey,5801.0,2022-04-16 14:17:09+05:30,Other
2,5400.0,,,2022-04-16 07:46:22+05:30,
2,5400.0,,,2022-04-16 07:45:46+05:30,
1,605.0,,5801.0,2022-04-16 07:22:36+05:30,
1,120.0,Stationary Shop,5801.0,2022-04-15 22:33:25+05:30,E-commerce
1,40.0,Night Canteen,5801.0,2022-04-15 22:14:09+05:30,Food-Joints
1,40.0,,,2022-04-15 22:13:41+05:30,
1,40.0,Rockey,5801.0,2022-04-15 21:33:57+05:30,Other
1,165.0,,5801.0,2022-04-15 21:08:12+05:30,
0,60.0,,,2022-04-15 19:19:10+05:30,
1,60.0,Sp Dutta,5801.0,2022-04-15 19:06:59+05:30,Other
1,25.0,HOT AND SPICK,5801.0,2022-04-15 18:54:32+05:30,Apparel
1,35.0,Night Canteen,5801.0,2022-04-15 16:10:43+05:30,Food-Joints
2,116.0,,5801.0,2022-04-14 20:09:00+05:30,
1,30.0,,5801.0,2022-04-14 17:36:02+05:30,
1,370.0,,5801.0,2022-04-14 17:31:28+05:30,
1,45.0,,5801.0,2022-04-14 15:02:48+05:30,
1,99.0,,5801.0,2022-04-14 13:53:38+05:30,
2,450.0,,5801.0,2022-04-13 21:38:59+05:30,
1,10.0,Rockey,5801.0,2022-04-13 19:03:30+05:30,Other
2,105.0,,5801.0,2022-04-13 18:50:41+05:30,
1,105.0,,5801.0,2022-04-13 18:50:01+05:30,
1,33.0,Rockey,5801.0,2022-04-13 16:56:43+05:30,Other
1,35.0,BharatPe Merchant,5801.0,2022-04-11 12:31:10+05:30,Other
1,20.0,Rockey,5801.0,2022-04-11 12:27:54+05:30,Other
0,160.0,,,2022-04-10 23:09:27+05:30,
0,70.0,,,2022-04-10 22:43:27+05:30,
1,210.0,Kaushik Das,5801.0,2022-04-10 22:38:48+05:30,Apparel
0,90.0,,,2022-04-10 22:32:37+05:30,
1,35.0,,5801.0,2022-04-10 22:25:49+05:30,
1,338.0,,5801.0,2022-04-10 22:01:00+05:30,
1,74.0,Rockey,5801.0,2022-04-10 18:19:40+05:30,Other
1,62.0,Rockey,5801.0,2022-04-10 12:13:46+05:30,Other
1,50.0,,5801.0,2022-04-09 23:43:37+05:30,
1,354.0,,5801.0,2022-04-09 22:53:16+05:30,
0,100.0,,,2022-04-09 14:14:12+05:30,
1,25.0,,5801.0,2022-04-09 13:35:10+05:30,
0,205.0,,,2022-04-08 22:25:07+05:30,
1,820.0,,5801.0,2022-04-08 22:24:43+05:30,
1,100.0,Sp Dutta,5801.0,2022-04-08 17:51:41+05:30,Other
2,16.0,,5801.0,2022-04-08 00:57:33+05:30,
1,16.0,,5801.0,2022-04-08 00:55:23+05:30,
1,16.0,,5801.0,2022-04-08 00:55:07+05:30,
1,169.0,,5801.0,2022-04-08 00:31:57+05:30,
1,80.0,,5801.0,2022-04-07 18:07:07+05:30,
1,30.0,Rockey,5801.0,2022-04-07 10:30:34+05:30,Other
1,27.0,,5801.0,2022-04-07 00:09:55+05:30,
1,34.0,,5801.0,2022-04-06 22:31:32+05:30,
1,56.0,,5801.0,2022-04-06 22:06:20+05:30,
1,52.0,Rockey,5801.0,2022-04-06 13:01:11+05:30,Other
1,40.0,,5801.0,2022-04-06 02:15:32+05:30,
1,32.0,Rockey,5801.0,2022-04-05 14:04:19+05:30,Other
1,33.0,Rockey,5801.0,2022-04-04 16:52:32+05:30,Other
1,58.0,,5801.0,2022-04-04 16:45:13+05:30,
1,45.0,Rockey,5801.0,2022-04-04 13:52:49+05:30,Other
1,35.0,,5801.0,2022-04-03 16:12:20+05:30,
1,23.0,,5801.0,2022-04-03 16:10:56+05:30,
2,120.0,,5801.0,2022-04-03 13:44:30+05:30,
1,20.0,MIR JAMIR ALI,5801.0,2022-04-02 20:56:34+05:30,Other
1,320.0,RAJA NIRAJ MANUEL,5801.0,2022-04-02 20:51:25+05:30,Other
1,70.0,Night Canteen,5801.0,2022-04-02 14:32:06+05:30,Food-Joints
1,33.0,Rockey,5801.0,2022-04-02 14:17:41+05:30,Other
1,80.0,Sp Dutta,5801.0,2022-04-01 20:27:14+05:30,Other
1,25.0,MIR,5801.0,2022-04-01 12:59:38+05:30,Food-Joints
1,40.0,,5801.0,2022-04-01 01:23:20+05:30,
1,55.0,,5801.0,2022-03-31 23:50:31+05:30,
1,82.0,Rockey,5801.0,2022-03-31 14:17:51+05:30,Other
1,52.0,,,2022-03-31 14:17:23+05:30,
1,210.0,RAJA NIRAJ MANUEL,5801.0,2022-03-31 02:20:13+05:30,Other
1,50.0,HERITAGE ANNEX,5801.0,2022-03-30 19:21:16+05:30,Other
1,60.0,Sp Dutta,5801.0,2022-03-30 19:18:16+05:30,Other
1,40.0,Rockey,5801.0,2022-03-30 12:56:53+05:30,Other
1,10.0,Rockey,5801.0,2022-03-29 20:00:05+05:30,Other
1,50.0,Bhola Kumar,5801.0,2022-03-29 11:29:55+05:30,Other
1,75.0,BharatPe Merchant,5801.0,2022-03-29 11:22:43+05:30,Other
1,31.0,Rockey,5801.0,2022-03-28 18:35:53+05:30,Other
1,38.0,Rockey,5801.0,2022-03-28 13:33:38+05:30,Other
1,40.0,,5801.0,2022-03-28 02:10:38+05:30,
1,95.0,RAJA NIRAJ MANUEL,5801.0,2022-03-27 22:28:30+05:30,Other
1,62.0,Rockey,5801.0,2022-03-27 14:20:14+05:30,Other
1,37.0,,5801.0,2022-03-26 21:16:55+05:30,
1,30.0,,5801.0,2022-03-26 21:15:17+05:30,
1,55.0,,5801.0,2022-03-26 14:28:32+05:30,
0,60.0,,,2022-03-26 13:52:41+05:30,
0,60.0,,,2022-03-26 13:52:35+05:30,
1,43.0,Rockey,5801.0,2022-03-26 13:36:29+05:30,Other
1,27.0,,5801.0,2022-03-26 00:41:53+05:30,
1,40.0,HOT AND SPICK,5801.0,2022-03-25 19:57:07+05:30,Apparel
1,30.0,HOT AND SPICK,5801.0,2022-03-25 19:51:09+05:30,Apparel
0,550.0,,,2022-03-25 15:14:36+05:30,
1,10.0,Rockey,5801.0,2022-03-25 14:06:09+05:30,Other
1,10.0,Rockey,5801.0,2022-03-25 14:05:07+05:30,Other
1,30.0,,5801.0,2022-03-25 10:38:46+05:30,
1,40.0,Banamali Coconut Shop,5801.0,2022-03-25 10:37:58+05:30,Other
2,100.0,,5801.0,2022-03-25 10:31:06+05:30,
1,164.0,,5801.0,2022-03-25 10:28:56+05:30,
1,160.0,,,2022-03-25 10:28:39+05:30,
1,50.0,,5801.0,2022-03-25 10:22:25+05:30,
1,20.0,,5801.0,2022-03-24 22:06:09+05:30,
1,106.0,,5801.0,2022-03-24 22:00:34+05:30,
1,25.0,HOT AND SPICK,5801.0,2022-03-24 17:26:09+05:30,Apparel
1,96.0,,5801.0,2022-03-23 21:54:21+05:30,
1,20.0,Sp Dutta,5801.0,2022-03-23 14:04:23+05:30,Other
1,43.0,Rockey,5801.0,2022-03-23 12:01:21+05:30,Other
2,550.0,,5801.0,2022-03-23 11:04:02+05:30,
2,1.0,,5801.0,2022-03-23 11:01:24+05:30,
1,10.0,Rockey,5801.0,2022-03-22 19:34:17+05:30,Other
1,90.0,BharatPe Merchant,5801.0,2022-03-22 19:18:07+05:30,Other
1,90.0,BharatPe Merchant,5801.0,2022-03-22 19:17:21+05:30,Other
1,53.0,Rockey,5801.0,2022-03-22 13:01:13+05:30,Other
1,400.0,,5801.0,2022-03-21 21:01:18+05:30,
1,30.0,Sp Dutta,5801.0,2022-03-21 17:06:07+05:30,Other
1,40.0,Sp Dutta,5801.0,2022-03-21 17:02:49+05:30,Other
1,60.0,Sp Dutta,5801.0,2022-03-21 17:00:12+05:30,Other
1,20.0,Ashish Kumar Singh,5801.0,2022-03-20 18:59:14+05:30,Other
0,240.0,,,2022-03-20 17:57:52+05:30,
1,631.0,Bikaner Electricity (BkESL),5801.0,2022-03-19 22:31:17+05:30,Other
1,631.0,,,2022-03-19 22:31:07+05:30,
1,631.0,,,2022-03-19 22:31:03+05:30,
1,40.0,,5801.0,2022-03-18 08:31:53+05:30,
2,40.0,,5801.0,2022-03-17 20:12:37+05:30,
1,40.0,,5801.0,2022-03-17 20:11:02+05:30,
1,40.0,,5801.0,2022-03-17 20:10:05+05:30,
1,20.0,Rockey,5801.0,2022-03-17 13:10:48+05:30,Other
2,38.0,,5801.0,2022-03-16 20:42:23+05:30,
1,42.0,Rockey,5801.0,2022-03-16 20:11:38+05:30,Other
1,4000.0,,5801.0,2022-03-16 16:20:15+05:30,
1,4000.0,,,2022-03-16 16:19:57+05:30,
0,200.0,,,2022-03-16 15:08:42+05:30,
1,20.0,,5801.0,2022-03-16 00:03:53+05:30,
1,20.0,,5801.0,2022-03-16 00:03:28+05:30,
1,27.0,,5801.0,2022-03-15 20:29:59+05:30,
1,328.46,ixigo,5801.0,2022-03-15 19:31:53+05:30,E-commerce
1,430.0,HERITAGE ANNEX,5801.0,2022-03-15 17:05:55+05:30,Other
1,10.0,,5801.0,2022-03-15 16:35:15+05:30,
1,20.0,,5801.0,2022-03-15 16:17:12+05:30,
1,80.0,,5801.0,2022-03-15 16:16:47+05:30,
1,40.0,,,2022-03-15 16:16:32+05:30,
1,10.0,Rockey,5801.0,2022-03-15 12:49:32+05:30,Other
1,705.78,ixigo,5801.0,2022-03-15 08:17:40+05:30,E-commerce
1,184.0,,5801.0,2022-03-14 22:18:23+05:30,
1,10.0,Rockey,5801.0,2022-03-14 17:35:29+05:30,Other
1,39.0,Rockey,5801.0,2022-03-14 13:35:29+05:30,Other
1,33.0,Rockey,5801.0,2022-03-13 14:07:08+05:30,Other
0,200.0,,,2022-03-12 18:28:08+05:30,
1,60.0,,5801.0,2022-03-12 13:32:32+05:30,
1,27.0,Rockey,5801.0,2022-03-12 13:01:43+05:30,Other
1,39.0,Rockey,5801.0,2022-03-12 11:43:53+05:30,Other
1,27.0,,5801.0,2022-03-12 03:33:12+05:30,
1,70.0,,5801.0,2022-03-12 02:45:41+05:30,
1,40.0,Gupta Varaity Store,5801.0,2022-03-11 23:00:12+05:30,Other
1,40.0,Gupta Varaity Store,5801.0,2022-03-11 22:58:22+05:30,Other
1,30.0,Gupta Varaity Store,5801.0,2022-03-11 22:57:52+05:30,Other
1,77.0,,5801.0,2022-03-11 20:19:02+05:30,
2,480.0,,5801.0,2022-03-11 19:48:06+05:30,
1,35.0,,5801.0,2022-03-11 15:47:17+05:30,
1,33.0,Rockey,5801.0,2022-03-11 13:55:20+05:30,Other
1,35.0,,5801.0,2022-03-11 13:53:31+05:30,
1,84.0,,5801.0,2022-03-10 20:40:13+05:30,
2,600.0,,5801.0,2022-03-10 20:31:39+05:30,
1,20.0,Rockey,5801.0,2022-03-10 17:03:23+05:30,Other
1,40.0,,5801.0,2022-03-10 15:11:55+05:30,
1,80.0,Sp Dutta,5801.0,2022-03-09 17:56:22+05:30,Other
2,32.0,,5801.0,2022-03-09 00:49:20+05:30,
1,10.0,Rockey,5801.0,2022-03-08 18:09:52+05:30,Other
1,10.0,Rockey,5801.0,2022-03-08 18:08:53+05:30,Other
1,10.0,Rockey,5801.0,2022-03-08 18:07:17+05:30,Other
1,42.0,Rockey,5801.0,2022-03-08 13:42:34+05:30,Other
2,180.0,,5801.0,2022-03-07 22:24:28+05:30,
1,1000.0,,5801.0,2022-03-07 21:43:39+05:30,
1,30.0,Rockey,5801.0,2022-03-07 17:25:29+05:30,Other
1,70.0,AFROZ AHMED,5801.0,2022-03-07 14:09:05+05:30,Other
1,10.0,Rockey,5801.0,2022-03-07 12:16:48+05:30,Other
1,49.0,Rockey,5801.0,2022-03-07 12:04:55+05:30,Other
1,18.0,Behera Tea Snacks Corner,5801.0,2022-03-06 17:55:04+05:30,Other
1,30.0,AFROZ AHMED,5801.0,2022-03-06 14:12:07+05:30,Other
1,35.0,AFROZ AHMED,5801.0,2022-03-06 14:10:23+05:30,Other
0,1000.0,,,2022-03-06 11:55:18+05:30,
0,1000.0,,,2022-03-06 11:29:26+05:30,
0,1000.0,,,2022-03-06 11:28:54+05:30,
1,84.0,,5801.0,2022-03-05 21:55:58+05:30,
1,65.0,MIR,5801.0,2022-03-05 14:08:41+05:30,Food-Joints
1,35.0,,5801.0,2022-03-04 23:18:43+05:30,
1,45.0,Sp Dutta,5801.0,2022-03-04 18:09:56+05:30,Other
1,40.0,Sp Dutta,5801.0,2022-03-04 17:42:13+05:30,Other
1,33.0,Rockey,5801.0,2022-03-04 10:04:08+05:30,Other
1,33.0,Rockey,5801.0,2022-03-04 09:58:36+05:30,Other
2,350.0,,5801.0,2022-03-03 17:48:15+05:30,
2,350.0,,5801.0,2022-03-03 17:47:55+05:30,
1,33.0,,5801.0,2022-03-03 12:40:10+05:30,
0,1120.0,,,2022-03-02 22:20:32+05:30,
1,150.0,,5801.0,2022-03-02 17:51:10+05:30,
1,50.0,,5801.0,2022-03-02 17:49:41+05:30,
1,3256.13,ixigo,5801.0,2022-02-27 22:49:20+05:30,E-commerce
1,25.0,euphoria restaurant cum bar,5801.0,2022-02-27 17:56:05+05:30,Other
1,108.0,Sp Dutta,5801.0,2022-02-27 17:51:52+05:30,Other
1,1738.03,ixigo,5801.0,2022-02-27 11:15:40+05:30,E-commerce
0,265.0,,,2022-02-26 13:57:44+05:30,
1,29.0,Rockey,5801.0,2022-02-26 12:33:41+05:30,Other
0,300.0,,,2022-02-25 19:29:59+05:30,
0,195.0,,,2022-02-25 19:19:41+05:30,
1,320.0,,5801.0,2022-02-25 19:08:51+05:30,
1,43.0,Rockey,5801.0,2022-02-25 11:23:35+05:30,Other
1,33.0,Rockey,5801.0,2022-02-24 11:34:09+05:30,Other
1,39.0,Rockey,5801.0,2022-02-23 11:20:03+05:30,Other
0,125.0,,,2022-02-23 03:22:09+05:30,
1,134.0,,5801.0,2022-02-22 22:37:36+05:30,
1,330.0,,5801.0,2022-02-22 22:01:41+05:30,
1,35.0,,5801.0,2022-02-22 16:28:58+05:30,
1,28.0,,5801.0,2022-02-21 22:48:52+05:30,
1,50.0,,5801.0,2022-02-21 21:42:56+05:30,
0,111.0,,,2022-02-21 21:29:48+05:30,
0,222.5,,,2022-02-21 21:29:37+05:30,
0,111.0,,,2022-02-21 21:29:29+05:30,
1,445.0,,5801.0,2022-02-21 21:06:20+05:30,
1,33.0,Rockey,5801.0,2022-02-21 10:53:51+05:30,Other
1,10.0,,5801.0,2022-02-21 00:56:17+05:30,
1,35.0,,5801.0,2022-02-20 21:24:15+05:30,
1,56.0,,5801.0,2022-02-20 21:06:13+05:30,
1,30.0,Rockey,5801.0,2022-02-20 17:18:12+05:30,Other
1,52.0,Rockey,5801.0,2022-02-19 13:03:13+05:30,Other
1,32.0,,5801.0,2022-02-18 21:15:29+05:30,
1,20.0,Sp Dutta,5801.0,2022-02-18 17:23:11+05:30,Other
1,30.0,Sp Dutta,5801.0,2022-02-18 17:18:26+05:30,Other
1,33.0,Rockey,5801.0,2022-02-17 17:56:53+05:30,Other
1,10.0,,5801.0,2022-02-17 03:56:22+05:30,
1,20.0,,5801.0,2022-02-17 03:01:38+05:30,
1,10.0,,5801.0,2022-02-16 21:00:42+05:30,
1,10.0,,5801.0,2022-02-16 12:54:04+05:30,
1,28.0,,5801.0,2022-02-15 21:08:19+05:30,
1,10.0,Rockey,5801.0,2022-02-15 17:38:40+05:30,Other
1,33.0,Rockey,5801.0,2022-02-15 13:08:20+05:30,Other
1,38.0,,5801.0,2022-02-15 01:05:30+05:30,
1,10.0,Rockey,5801.0,2022-02-14 21:10:53+05:30,Other
1,185.0,,5801.0,2022-02-14 20:27:37+05:30,
1,25.0,,5801.0,2022-02-14 20:16:49+05:30,
1,20.0,Rockey,5801.0,2022-02-14 13:54:47+05:30,Other
1,80.0,Rockey,5801.0,2022-02-14 13:52:47+05:30,Other
1,42.0,,5801.0,2022-02-13 21:29:27+05:30,
1,58.0,,5801.0,2022-02-11 21:37:14+05:30,
1,105.0,Sp Dutta,5801.0,2022-02-11 17:43:59+05:30,Other
2,65.0,,5801.0,2022-02-11 17:32:31+05:30,
2,195.0,,5801.0,2022-02-10 21:49:45+05:30,
1,20.0,Behera Tea Snacks Corner,5801.0,2022-02-10 16:57:10+05:30,Other
1,208.22,ixigo,5801.0,2022-02-07 17:58:18+05:30,E-commerce
0,100.0,,,2022-02-04 13:35:54+05:30,
1,100.0,Mr THAKURDAS DEY,5801.0,2022-02-04 08:36:15+05:30,Other
1,100.0,,,2022-02-04 08:36:06+05:30,
1,1.0,Olacabs,5801.0,2022-02-04 08:13:16+05:30,Other
1,57.0,,5801.0,2022-02-03 21:27:08+05:30,
1,366.59,ixigo,5801.0,2022-02-03 21:10:40+05:30,E-commerce
1,21.0,Tea Store,5801.0,2022-02-03 20:34:59+05:30,Food-Joints
1,10.0,Rockey,5801.0,2022-02-03 12:42:20+05:30,Other
1,11.0,Rockey,5801.0,2022-02-03 12:40:37+05:30,Other
1,20.0,,5801.0,2022-02-03 03:10:07+05:30,
1,20.0,,5801.0,2022-02-02 17:48:26+05:30,
1,20.0,,5801.0,2022-02-01 22:15:46+05:30,
2,70.0,,5801.0,2022-02-01 18:31:53+05:30,
1,32.0,,5801.0,2022-02-01 01:57:48+05:30,
1,32.0,Rockey,5801.0,2022-02-01 01:57:20+05:30,Other
1,33.0,Rockey,5801.0,2022-01-31 20:30:02+05:30,Other
1,27.0,,5801.0,2022-01-31 20:15:55+05:30,
1,43.0,,5801.0,2022-01-30 21:39:05+05:30,
1,199.95,Zomato,5801.0,2022-01-30 15:40:16+05:30,Food
1,45.0,,5801.0,2022-01-29 21:23:36+05:30,
1,32.0,,5801.0,2022-01-29 02:14:55+05:30,
1,70.0,Rockey,5801.0,2022-01-28 19:01:13+05:30,Other
1,58.0,,5801.0,2022-01-27 21:18:11+05:30,
1,33.0,Rockey,5801.0,2022-01-27 18:01:02+05:30,Other
1,117.0,Rockey,5801.0,2022-01-27 13:43:53+05:30,Other
1,47.0,,5801.0,2022-01-25 21:08:13+05:30,
1,42.0,Rockey,5801.0,2022-01-25 13:41:23+05:30,Other
1,83.0,Rockey,5801.0,2022-01-24 18:59:43+05:30,Other
1,58.0,,5801.0,2022-01-23 20:59:47+05:30,
1,37.0,Rockey,5801.0,2022-01-23 13:57:29+05:30,Other
1,32.0,,5801.0,2022-01-21 20:59:36+05:30,
0,90.0,,,2022-01-21 20:09:51+05:30,
0,91.0,,,2022-01-21 19:23:27+05:30,
0,91.0,,,2022-01-21 19:23:14+05:30,
0,90.0,,,2022-01-21 19:22:19+05:30,
1,451.9,Zomato,5801.0,2022-01-21 19:13:40+05:30,Food
1,51.0,,5801.0,2022-01-20 21:47:07+05:30,
1,43.0,Rockey,5801.0,2022-01-20 18:11:27+05:30,Other
2,85.0,,5801.0,2022-01-20 17:01:27+05:30,
1,37.0,Rockey,5801.0,2022-01-20 13:58:22+05:30,Other
2,26.0,,5801.0,2022-01-20 00:23:03+05:30,
1,30.0,,5801.0,2022-01-19 21:48:08+05:30,
1,43.0,,5801.0,2022-01-19 21:22:30+05:30,
2,60.0,,5801.0,2022-01-18 19:36:20+05:30,
2,170.0,,5801.0,2022-01-18 18:46:12+05:30,
2,150.0,,5801.0,2022-01-18 13:00:30+05:30,
1,8.0,,5801.0,2022-01-17 22:54:14+05:30,
1,50.0,,5801.0,2022-01-17 22:52:36+05:30,
1,50.0,,5801.0,2022-01-17 22:52:25+05:30,
1,63.0,Rockey,5801.0,2022-01-17 18:02:11+05:30,Other
0,100.0,,,2022-01-17 00:04:39+05:30,
1,55.0,,5801.0,2022-01-16 21:56:34+05:30,
1,55.0,,5801.0,2022-01-16 21:56:20+05:30,
1,43.0,Rockey,5801.0,2022-01-16 18:15:02+05:30,Other
1,37.0,Rockey,5801.0,2022-01-16 12:50:39+05:30,Other
2,195.0,,5801.0,2022-01-15 22:12:10+05:30,
2,308.0,,5801.0,2022-01-15 20:03:26+05:30,
2,308.0,,,2022-01-15 20:03:15+05:30,
1,30.0,Rockey,5801.0,2022-01-15 17:23:28+05:30,Other
0,100.0,,,2022-01-14 21:20:49+05:30,
0,16.6,,,2022-01-14 18:32:29+05:30,
0,100.0,,,2022-01-14 18:29:27+05:30,
1,33.0,Rockey,5801.0,2022-01-14 17:39:56+05:30,Other
1,39.0,,5801.0,2022-01-13 21:29:04+05:30,
1,40.0,Sp Dutta,5801.0,2022-01-13 18:13:57+05:30,Other
1,80.0,Rockey,5801.0,2022-01-13 14:05:29+05:30,Other
1,37.0,Rockey,5801.0,2022-01-12 11:25:13+05:30,Other
1,110.0,RAJA NIRAJ MANUEL,5801.0,2022-01-11 22:17:20+05:30,Other
1,22.0,Rockey,5801.0,2022-01-11 17:45:42+05:30,Other
1,50.0,,5801.0,2022-01-10 20:47:33+05:30,
1,200.95,Zomato,5801.0,2022-01-09 20:21:55+05:30,Food
1,59.0,,5801.0,2022-01-08 22:23:13+05:30,
1,30.0,Rockey,5801.0,2022-01-07 11:39:34+05:30,Other
1,32.0,,5801.0,2022-01-07 00:20:55+05:30,
1,35.0,Rockey,5801.0,2022-01-06 17:40:41+05:30,Other
2,30.0,,5801.0,2022-01-03 20:50:48+05:30,
1,86.0,,5801.0,2022-01-02 21:25:21+05:30,
1,35.0,,5801.0,2022-01-01 22:04:35+05:30,
1,30.0,,5801.0,2022-01-01 22:02:59+05:30,
1,20.0,,5801.0,2021-12-31 23:08:06+05:30,
1,77.0,,5801.0,2021-12-31 21:04:07+05:30,
1,52.0,,5801.0,2021-12-30 23:05:08+05:30,
1,55.0,,5801.0,2021-12-30 21:34:24+05:30,
1,61.0,,5801.0,2021-12-29 21:29:20+05:30,
0,170.0,,,2021-12-29 20:54:09+05:30,
1,30.0,Bhola Kumar,5801.0,2021-12-29 14:55:44+05:30,Other
1,55.0,,5801.0,2021-12-28 21:10:15+05:30,
2,1000.0,,5801.0,2021-12-28 11:21:45+05:30,
2,5000.0,,5801.0,2021-12-22 11:33:49+05:30,
0,5000.0,,,2021-12-22 11:32:59+05:30,
0,3.0,,,2021-12-22 11:08:49+05:30,
2,5000.0,,5801.0,2021-12-22 11:08:15+05:30,
1,14625.0,Data Patterns India Limited,5801.0,2021-12-22 08:51:21+05:30,Other
2,210.0,,5801.0,2021-12-21 02:56:51+05:30,
1,347.75,,,2021-12-19 19:05:57+05:30,
1,149.0,Vi Prepaid,5801.0,2021-12-18 10:26:04+05:30,Bill
0,3.0,,,2021-12-14 23:31:32+05:30,
1,849.0,www.croma.com,5801.0,2021-12-14 10:04:58+05:30,Other
1,149.0,Vi Prepaid,5801.0,2021-12-12 09:13:29+05:30,Bill
1,530.0,,5801.0,2021-11-29 14:43:46+05:30,
0,527.0,,,2021-11-29 14:42:55+05:30,
1,1581.22,ixigo,5801.0,2021-11-29 14:35:46+05:30,E-commerce
1,405.75,Zomato,5801.0,2021-11-25 19:16:21+05:30,Food
2,210.0,,5801.0,2021-11-19 18:25:23+05:30,
1,754.35,Zomato,5801.0,2021-11-16 20:57:44+05:30,Food
1,149.0,Vi Prepaid,5801.0,2021-11-14 13:12:15+05:30,Bill
1,149.0,,,2021-11-14 13:10:51+05:30,
0,141.0,,,2021-11-02 16:12:30+05:30,
0,5.0,,,2021-10-31 11:26:05+05:30,
1,599.0,Vi Prepaid,5801.0,2021-10-30 09:32:11+05:30,Bill
0,141.0,,,2021-10-29 22:08:30+05:30,
0,141.0,,,2021-10-29 22:08:15+05:30,
1,82.0,,5801.0,2021-10-29 12:11:53+05:30,
1,141.0,,5801.0,2021-10-29 09:59:25+05:30,
1,1116.1,ixigo,5801.0,2021-10-22 10:28:52+05:30,E-commerce
1,4747.0,LE TRAVENUES TECHNOLOGY PRIVATE LIMITED,5801.0,2021-10-21 23:46:15+05:30,Other
0,170.0,,,2021-10-19 19:58:43+05:30,
1,998.0,AMAZON,5801.0,2021-10-16 17:07:52+05:30,E-commerce
2,1600.0,,5801.0,2021-10-16 15:35:25+05:30,
0,1259.97,,,2021-10-16 11:34:14+05:30,
0,435.72,,,2021-10-15 20:29:41+05:30,
0,357.15,,,2021-10-13 14:43:27+05:30,
0,140.0,,,2021-10-11 21:15:51+05:30,
1,50.0,,5801.0,2021-09-29 18:46:20+05:30,
1,598.0,Bharti Airtel Limited,5801.0,2021-09-13 21:39:05+05:30,Other
2,4000.0,,5801.0,2021-09-02 19:39:54+05:30,
0,2.0,,,2021-08-21 22:31:55+05:30,
1,1511.0,Mumuso Elgin Road,5801.0,2021-08-21 20:27:26+05:30,Other
0,200.0,,,2021-08-21 18:54:55+05:30,
0,5.0,,,2021-08-10 22:56:51+05:30,
1,654.58,IRCTC Web UPI,5801.0,2021-08-10 22:55:33+05:30,Travel
1,654.58,IRCTC Web UPI,5801.0,2021-08-10 22:37:01+05:30,Travel
1,654.58,IRCTC Web UPI,5801.0,2021-08-10 22:27:27+05:30,Travel
1,599.0,Vi Prepaid,5801.0,2021-08-06 14:20:04+05:30,Bill
0,157.0,,,2021-07-15 12:31:01+05:30,
0,157.0,,,2021-07-15 11:59:42+05:30,
0,157.0,,,2021-07-15 11:59:30+05:30,
2,100.0,,5801.0,2021-07-14 11:49:55+05:30,
1,2100.0,SHREE AKHIL BHARATVARSIYA SADHUMARGI JAIN SAN,5801.0,2021-07-08 13:25:30+05:30,Other
2,600.0,,5801.0,2021-06-29 19:42:10+05:30,
1,399.0,Vi Prepaid,5801.0,2021-06-29 16:35:58+05:30,Bill
0,60.0,,,2021-06-26 15:04:38+05:30,
2,125.0,,5801.0,2021-06-20 12:12:06+05:30,
1,149.0,Vi Prepaid,5801.0,2021-06-01 19:36:23+05:30,Bill
1,500.0,RZPX Pvt Ltd,5801.0,2021-06-01 16:53:08+05:30,Other
1,599.0,Vi Prepaid,5801.0,2021-05-14 13:02:10+05:30,Bill
1,149.0,Vi Prepaid,5801.0,2021-05-01 23:04:23+05:30,Bill
1,501.0,Tata Sky,5801.0,2021-05-01 23:03:54+05:30,E-commerce
1,149.0,Vi Prepaid,5801.0,2021-05-01 23:01:30+05:30,Bill
0,910.0,,,2021-04-20 21:55:55+05:30,
1,83.0,JUST BAKED CHETLA,5801.0,2021-04-15 19:48:55+05:30,Other
0,12480.0,,,2021-04-15 00:20:28+05:30,
1,501.0,Tata Sky,5801.0,2021-03-25 11:26:16+05:30,E-commerce
1,90.0,JUST BAKED CHETLA,5801.0,2021-03-21 19:42:16+05:30,Other
2,360.0,,5801.0,2021-03-20 16:59:02+05:30,
1,50000.0,,5801.0,2021-03-19 10:42:00+05:30,
1,100000.0,,5801.0,2021-03-19 10:41:21+05:30,
1,50000.0,,5801.0,2021-03-19 10:39:01+05:30,
1,50000.0,,5801.0,2021-03-18 11:38:38+05:30,
1,25000.0,,5801.0,2021-03-18 11:34:01+05:30,
1,25000.0,,5801.0,2021-03-18 00:25:45+05:30,
1,100000.0,,5801.0,2021-03-18 00:17:16+05:30,
0,3.0,,,2021-03-16 01:20:28+05:30,
2,13480.0,,5801.0,2021-03-16 01:19:40+05:30,
2,910.0,,5801.0,2021-03-15 13:17:49+05:30,
1,149.0,Vi Prepaid,5801.0,2021-03-05 19:22:34+05:30,Bill
0,5.0,,,2021-03-02 18:25:24+05:30,
1,178.0,JUST BAKED CHETLA,5801.0,2021-03-02 18:24:22+05:30,Other
1,100.0,,5801.0,2021-02-27 13:11:24+05:30,
1,501.0,Tata Sky,5801.0,2021-02-22 21:03:49+05:30,E-commerce
1,599.0,Vi Prepaid,5801.0,2021-02-19 12:23:37+05:30,Bill
1,149.0,Vi Prepaid,5801.0,2021-02-03 11:32:46+05:30,Bill
0,7.0,,,2021-01-22 12:19:17+05:30,
2,447.0,,5801.0,2021-01-22 12:18:47+05:30,
1,501.0,Tata Sky,5801.0,2021-01-21 20:29:57+05:30,E-commerce
2,385.0,,5801.0,2021-01-21 20:06:08+05:30,
1,149.0,Vi Prepaid,5801.0,2021-01-06 20:30:48+05:30,Bill
0,40.0,,,2021-01-04 14:30:43+05:30,
0,40.0,,,2021-01-04 14:20:41+05:30,
0,670.0,,,2021-01-04 14:13:22+05:30,
0,95.0,,,2021-01-04 14:13:14+05:30,
0,2.0,,,2021-01-04 14:12:30+05:30,
0,2.0,,,2021-01-04 14:10:35+05:30,
0,170.0,,,2021-01-04 14:08:43+05:30,
0,6.0,,,2020-12-25 17:26:24+05:30,
0,17.0,,,2020-12-25 17:26:17+05:30,
1,441.0,Tata Sky,5801.0,2020-12-22 12:18:34+05:30,E-commerce
1,149.0,Vi Prepaid,5801.0,2020-12-09 23:05:45+05:30,Bill
1,149.0,Vi Prepaid,5801.0,2020-12-09 01:21:17+05:30,Bill
1,149.0,Vi Prepaid,5801.0,2020-12-08 22:15:42+05:30,Bill
1,149.0,Vi Prepaid,5801.0,2020-12-08 22:03:24+05:30,Bill
0,268.0,,,2020-12-03 22:14:51+05:30,
1,599.0,Vi Prepaid,5801.0,2020-11-27 12:20:27+05:30,Bill
1,599.0,Vi Prepaid,5801.0,2020-11-27 12:20:04+05:30,Bill
0,392.0,,,2020-11-26 19:03:37+05:30,
0,345.0,,,2020-11-25 20:22:57+05:30,
0,345.0,,,2020-11-25 20:22:05+05:30,
0,345.0,,,2020-11-25 20:20:19+05:30,
0,345.0,,,2020-11-25 20:19:48+05:30,
1,401.0,Tata Sky,5801.0,2020-11-23 20:24:15+05:30,E-commerce
1,401.0,,,2020-11-23 20:24:07+05:30,
1,149.0,Vi Prepaid,5801.0,2020-11-10 19:42:46+05:30,Bill
1,149.0,Vi Prepaid,5801.0,2020-11-10 19:42:24+05:30,Bill
0,345.0,,,2020-10-28 22:54:06+05:30,
0,345.0,,,2020-10-28 22:53:02+05:30,
0,345.0,,,2020-10-28 22:51:47+05:30,
0,95.0,,,2020-10-28 22:03:22+05:30,
1,97.0,,5801.0,2020-10-28 21:31:11+05:30,
1,250.0,,5801.0,2020-10-27 00:00:35+05:30,
0,250.0,,,2020-10-26 22:27:48+05:30,
1,524.0,Tata Sky,5801.0,2020-10-24 15:59:39+05:30,E-commerce
0,113.0,,,2020-10-17 15:52:34+05:30,
0,113.0,,,2020-10-17 15:25:41+05:30,
1,149.0,Vi Prepaid,5801.0,2020-10-13 20:25:15+05:30,Bill
1,149.0,,,2020-10-13 20:25:07+05:30,
1,1709.0,Ellipstore,5801.0,2020-10-06 12:38:25+05:30,Bill
1,398.0,Tata Sky,5801.0,2020-10-04 21:15:57+05:30,E-commerce
1,149.0,Vi Prepaid,5801.0,2020-09-15 19:44:39+05:30,Bill
1,599.0,,,2020-09-15 19:39:42+05:30,
1,398.0,Tata Sky,5801.0,2020-09-15 19:37:50+05:30,E-commerce
1,398.0,,,2020-09-15 19:36:19+05:30,
1,599.0,Vi Prepaid,5801.0,2020-09-04 15:02:11+05:30,Bill
1,599.0,Jio Prepaid,5801.0,2020-08-19 10:30:24+05:30,Bill
1,398.0,Tata Sky,5801.0,2020-08-17 11:10:51+05:30,E-commerce
1,398.0,,,2020-08-17 11:10:31+05:30,
1,1257.0,,,2020-07-24 23:27:53+05:30,
1,398.0,Tata Sky,5801.0,2020-07-16 15:16:56+05:30,E-commerce
1,398.0,,,2020-07-16 15:16:46+05:30,
0,13.0,,,2020-07-08 14:12:00+05:30,
1,5340.0,CESC Kolkata,5801.0,2020-07-08 14:11:11+05:30,Other
0,101.0,,,2020-07-08 14:09:55+05:30,
0,1000.0,,,2020-07-08 14:08:42+05:30,
0,4000.0,,,2020-07-08 14:07:57+05:30,
0,4000.0,,,2020-07-08 14:07:47+05:30,
0,4500.0,,,2020-07-08 14:07:18+05:30,
1,599.0,Vi Prepaid,5801.0,2020-06-23 12:37:13+05:30,Bill
1,199.0,Jio Prepaid,5801.0,2020-06-22 14:11:33+05:30,Bill
1,558.0,,,2020-06-18 14:58:17+05:30,
0,45.0,,,2020-06-17 11:57:07+05:30,
1,398.0,Tata Sky,5801.0,2020-06-17 11:55:45+05:30,E-commerce
1,398.0,,,2020-06-17 11:55:37+05:30,
1,599.0,Vi Prepaid,5801.0,2020-06-12 19:43:55+05:30,Bill
1,48.0,Vi Prepaid,5801.0,2020-06-08 22:08:05+05:30,Bill
1,199.0,Vi Prepaid,5801.0,2020-05-30 16:52:00+05:30,Bill
0,12.0,,,2020-05-27 19:27:29+05:30,
1,599.0,Jio Prepaid,5801.0,2020-05-27 19:24:49+05:30,Bill
1,199.0,Jio Prepaid,5801.0,2020-05-21 14:52:38+05:30,Bill
0,6.0,,,2020-05-19 20:00:54+05:30,
1,398.0,Tata Sky,5801.0,2020-05-19 19:59:52+05:30,E-commerce
1,398.0,,,2020-05-19 19:59:44+05:30,
1,149.0,Vi Prepaid,5801.0,2020-05-15 18:00:38+05:30,Bill
1,149.0,Vi Prepaid,5801.0,2020-05-02 11:32:43+05:30,Bill
0,10.0,,,2020-04-19 12:51:52+05:30,
1,398.0,Tata Sky,5801.0,2020-04-19 12:50:35+05:30,E-commerce
1,149.0,Vi Prepaid,5801.0,2020-04-17 18:47:19+05:30,Bill
1,149.0,,,2020-04-17 18:47:06+05:30,
0,2100.0,,,2020-03-27 23:30:10+05:30,
1,49.0,OlaMoney,5801.0,2020-03-26 22:58:57+05:30,E-commerce
0,5.0,,,2020-03-14 22:21:46+05:30,
1,356.0,OlaMoney,5801.0,2020-03-14 22:20:54+05:30,E-commerce
0,400.0,,,2020-03-13 09:54:07+05:30,
2,26.0,,,2020-03-12 23:58:24+05:30,
2,26.0,,,2020-03-12 23:58:18+05:30,
0,300.0,,,2020-03-12 19:58:19+05:30,
0,300.0,,,2020-03-12 19:57:32+05:30,
1,30.0,,5801.0,2020-03-11 12:28:24+05:30,
1,129.0,,5801.0,2020-03-02 12:42:10+05:30,
1,129.0,,5801.0,2020-03-02 12:41:18+05:30,
1,25.0,,5801.0,2020-02-29 01:52:00+05:30,
1,25.0,,,2020-02-29 01:51:24+05:30,
2,110.0,,,2020-02-29 01:25:58+05:30,
2,110.0,,,2020-02-29 01:24:14+05:30,
2,110.0,,,2020-02-29 01:24:06+05:30,
2,110.0,,,2020-02-29 01:23:27+05:30,
2,110.0,,,2020-02-29 01:22:44+05:30,
1,304.17,,,2020-02-28 19:54:41+05:30,
2,10.0,,5801.0,2020-02-27 20:17:36+05:30,
1,10.0,,5801.0,2020-02-27 13:53:51+05:30,
2,450.0,,5801.0,2020-02-27 11:30:15+05:30,
1,30.0,,5801.0,2020-02-27 11:29:17+05:30,
1,10.0,,5801.0,2020-02-26 17:30:59+05:30,
2,30.0,,5801.0,2020-02-24 21:07:55+05:30,
0,1.0,,,2020-02-24 20:47:31+05:30,
2,10.0,,5801.0,2020-02-23 17:19:07+05:30,
1,10.0,,5801.0,2020-02-23 13:57:52+05:30,
2,10.0,,5801.0,2020-02-23 00:15:41+05:30,
2,42.0,,5801.0,2020-02-23 00:14:00+05:30,
2,2100.0,,5801.0,2020-02-22 19:26:28+05:30,
1,20.0,,5801.0,2020-02-21 20:49:19+05:30,
2,40.0,,5801.0,2020-02-20 18:22:06+05:30,
1,40.0,,5801.0,2020-02-20 18:21:16+05:30,
2,25.0,,5801.0,2020-02-20 00:37:56+05:30,
1,10.0,,5801.0,2020-02-19 19:49:30+05:30,
1,10.0,,5801.0,2020-02-19 19:48:07+05:30,
1,29.0,,5801.0,2020-02-19 13:53:57+05:30,
1,40.0,,5801.0,2020-02-19 13:43:51+05:30,
1,30.0,,5801.0,2020-02-17 17:21:42+05:30,
1,25.0,,,2020-02-16 03:20:39+05:30,
1,25.0,,,2020-02-16 03:20:31+05:30,
1,10.0,,5801.0,2020-02-13 17:14:48+05:30,
1,30.0,,5801.0,2020-02-11 11:33:01+05:30,
2,150.0,,5801.0,2020-02-11 02:00:01+05:30,
1,328.68,,,2020-02-10 14:12:49+05:30,
1,40.0,,,2020-02-10 13:50:09+05:30,
1,40.0,,,2020-02-10 13:42:58+05:30,
1,28.0,,5801.0,2020-02-10 09:06:35+05:30,
1,29.0,,5801.0,2020-02-09 13:34:05+05:30,
2,15.0,,5801.0,2020-02-08 20:36:52+05:30,
1,20.0,,5801.0,2020-02-08 17:50:55+05:30,
1,20.0,,,2020-02-08 17:50:07+05:30,
1,15.0,,,2020-02-08 17:17:14+05:30,
1,34.0,,,2020-02-08 12:01:43+05:30,
1,34.0,,,2020-02-08 12:01:38+05:30,
1,34.0,,,2020-02-08 12:01:32+05:30,
1,15.0,,5801.0,2020-02-08 02:44:52+05:30,
1,10.0,,5801.0,2020-02-07 17:29:31+05:30,
2,45.0,,5801.0,2020-02-07 11:09:20+05:30,
2,45.0,,5801.0,2020-02-07 11:08:36+05:30,
1,27.0,,5801.0,2020-02-06 17:08:29+05:30,
1,25.0,,,2020-02-06 17:05:40+05:30,
1,10.0,,5801.0,2020-02-06 17:03:22+05:30,
1,10.0,,5801.0,2020-02-06 16:56:15+05:30,
1,20.0,,5801.0,2020-02-06 16:55:29+05:30,
1,20.0,,,2020-02-06 16:55:26+05:30,
1,10.0,,,2020-02-06 16:53:17+05:30,
1,30.0,,5801.0,2020-02-05 17:36:30+05:30,
2,30.0,,5801.0,2020-02-05 17:32:56+05:30,
1,10.0,,5801.0,2020-02-05 13:05:51+05:30,
1,10.0,,,2020-02-03 18:16:28+05:30,
1,10.0,,,2020-02-03 18:16:25+05:30,
1,10.0,,,2020-02-03 18:16:18+05:30,
2,25.0,,5801.0,2020-02-02 18:07:15+05:30,
1,25.0,,5801.0,2020-02-02 11:29:01+05:30,
2,76.0,,5801.0,2020-01-31 22:54:01+05:30,
2,76.0,,,2020-01-31 22:53:54+05:30,
1,20.0,,5801.0,2020-01-29 20:46:28+05:30,
1,41.0,,5801.0,2020-01-29 12:46:49+05:30,
0,1600.0,,,2020-01-28 17:54:07+05:30,
0,165.0,,,2020-01-28 15:33:59+05:30,
0,100.0,,,2020-01-28 12:51:59+05:30,
0,100.0,,,2020-01-28 12:47:19+05:30,
1,25.0,,5801.0,2020-01-28 12:22:21+05:30,
0,221.0,,,2020-01-28 00:02:48+05:30,
0,287.0,,,2020-01-27 23:43:34+05:30,
0,287.0,,,2020-01-27 23:40:09+05:30,
2,113.0,,5801.0,2020-01-27 23:30:40+05:30,
2,25.0,,,2020-01-27 18:17:16+05:30,
0,150.0,,,2020-01-27 17:34:55+05:30,
1,25.0,,,2020-01-27 17:26:14+05:30,
1,25.0,,,2020-01-27 17:26:08+05:30,
1,25.0,,,2020-01-27 17:26:02+05:30,
1,30.0,,5801.0,2020-01-26 19:33:46+05:30,
1,40.0,,5801.0,2020-01-26 15:45:16+05:30,
0,150.0,,,2020-01-26 13:36:11+05:30,
0,150.0,,,2020-01-26 13:35:55+05:30,
1,219.0,,,2020-01-25 21:47:05+05:30,
1,15.0,,5801.0,2020-01-25 17:25:20+05:30,
2,350.0,,5801.0,2020-01-25 13:32:11+05:30,
2,400.0,,5801.0,2020-01-25 13:26:15+05:30,
1,22.0,,5801.0,2020-01-25 10:45:28+05:30,
1,50.0,,5801.0,2020-01-24 21:05:32+05:30,
1,40.0,,5801.0,2020-01-24 12:34:22+05:30,
1,40.0,,,2020-01-24 12:34:19+05:30,
0,20.0,,,2020-01-24 03:21:42+05:30,
2,35.0,,5801.0,2020-01-23 18:01:23+05:30,
1,25.0,,5801.0,2020-01-23 01:02:16+05:30,
1,25.0,,5801.0,2020-01-20 12:15:02+05:30,
0,400.0,,,2020-01-19 17:03:40+05:30,
0,400.0,,,2020-01-19 16:23:28+05:30,
0,500.0,,,2020-01-19 15:41:30+05:30,
1,2052.0,,5801.0,2020-01-19 15:25:46+05:30,
0,330.0,,,2020-01-18 01:51:20+05:30,
0,330.0,,,2020-01-18 01:50:46+05:30,
2,960.0,,5801.0,2020-01-18 00:03:19+05:30,
0,100.0,,,2020-01-16 11:40:13+05:30,
2,310.0,,5801.0,2020-01-15 21:49:38+05:30,
1,45.0,,5801.0,2020-01-14 12:20:08+05:30,
0,500.0,,,2020-01-13 22:52:42+05:30,
2,42.0,,5801.0,2020-01-13 21:27:24+05:30,
0,81.0,,,2020-01-12 21:47:27+05:30,
2,5200.0,,5801.0,2020-01-12 21:46:50+05:30,
0,2600.0,,,2020-01-12 21:35:20+05:30,
0,2600.0,,,2020-01-12 21:34:58+05:30,
0,2600.0,,,2020-01-12 21:34:27+05:30,
1,29.0,,5801.0,2020-01-12 11:43:07+05:30,
1,35.0,,5801.0,2020-01-12 11:35:21+05:30,
0,79.0,,,2020-01-06 10:44:19+05:30,
2,939.75,,5801.0,2020-01-06 10:43:43+05:30,
1,182.0,AMAZON SELLER SERVICES PRIVATE LIMITED,5801.0,2020-01-06 10:34:43+05:30,Other
1,25.0,,5801.0,2020-01-04 11:36:47+05:30,
2,46.0,,5801.0,2020-01-03 20:46:27+05:30,
1,440.0,,5801.0,2019-12-30 13:19:04+05:30,
2,90.0,,5801.0,2019-12-10 23:21:02+05:30,
2,90.0,,,2019-12-08 13:18:32+05:30,
2,90.0,,,2019-12-08 13:18:28+05:30,
2,90.0,,5801.0,2019-12-05 10:56:20+05:30,
2,90.0,,5801.0,2019-12-05 10:51:56+05:30,
2,40.0,,,2019-12-04 20:35:54+05:30,
2,40.0,,,2019-12-04 20:35:51+05:30,
2,46.0,,,2019-12-04 15:55:15+05:30,
2,46.0,,,2019-12-04 15:55:12+05:30,
2,60.0,,5801.0,2019-12-04 15:43:24+05:30,
1,53.0,,,2019-12-03 18:36:45+05:30,
1,53.0,,,2019-12-03 18:36:42+05:30,
2,53.0,,,2019-12-03 18:32:14+05:30,
1,53.0,,,2019-12-03 18:32:03+05:30,
1,53.0,,,2019-12-03 18:32:00+05:30,
1,53.0,,,2019-12-03 18:31:45+05:30,
1,53.0,,,2019-12-03 18:31:42+05:30,
1,53.0,,,2019-12-03 18:31:07+05:30,
1,53.0,,,2019-12-03 18:31:01+05:30,
1,53.0,,,2019-12-03 18:30:08+05:30,
1,53.0,,,2019-12-03 18:30:04+05:30,
1,53.0,,,2019-12-03 18:30:01+05:30,
1,53.0,,,2019-12-03 18:29:57+05:30,
1,53.0,,,2019-12-03 18:29:52+05:30,
1,53.0,,,2019-12-03 18:29:48+05:30,
0,8.0,,,2019-12-03 16:25:36+05:30,
2,180.0,,5801.0,2019-12-03 16:24:04+05:30,
2,180.0,,,2019-12-03 16:23:51+05:30,
2,10.0,,5801.0,2019-12-01 16:29:04+05:30,
0,30.0,,,2019-12-01 15:47:42+05:30,
2,150.0,,5801.0,2019-11-30 21:55:04+05:30,
0,12.0,,,2019-11-30 21:51:48+05:30,
2,152.0,,5801.0,2019-11-30 21:51:08+05:30,
2,150.0,,5801.0,2019-11-30 21:41:46+05:30,
2,150.0,,,2019-11-30 20:22:55+05:30,
2,150.0,,,2019-11-30 20:22:49+05:30,
2,150.0,,,2019-11-30 20:22:44+05:30,
2,150.0,,,2019-11-30 20:22:41+05:30,
2,150.0,,,2019-11-30 19:26:20+05:30,
2,150.0,,,2019-11-30 19:26:13+05:30,
2,150.0,,,2019-11-30 19:25:57+05:30,
2,73.0,,5801.0,2019-11-29 20:13:23+05:30,
1,40.0,,5801.0,2019-11-29 17:40:02+05:30,
1,40.0,,5801.0,2019-11-29 17:39:26+05:30,
1,25.0,,5801.0,2019-11-29 17:38:01+05:30,
2,20.0,,5801.0,2019-11-28 18:49:24+05:30,
1,20.0,,5801.0,2019-11-28 18:44:22+05:30,
1,21.0,,5801.0,2019-11-28 01:27:52+05:30,
2,25.0,,5801.0,2019-11-27 01:40:24+05:30,
1,22.0,,5801.0,2019-11-26 18:56:53+05:30,
1,32.0,,,2019-11-26 18:56:36+05:30,
0,12.0,,,2019-11-24 20:47:41+05:30,
2,192.0,,5801.0,2019-11-24 20:46:56+05:30,
1,21.0,,5801.0,2019-11-23 01:22:44+05:30,
1,21.0,,5801.0,2019-11-23 01:19:29+05:30,
2,10.0,,5801.0,2019-11-22 21:00:25+05:30,
2,80.0,,5801.0,2019-11-22 20:17:54+05:30,
1,40.0,,5801.0,2019-11-22 20:08:25+05:30,
2,70.0,,5801.0,2019-11-21 20:57:25+05:30,
0,150.0,,,2019-11-21 15:11:00+05:30,
0,150.0,,,2019-11-21 03:05:54+05:30,
2,50.0,,5801.0,2019-11-21 01:42:37+05:30,
1,10.0,,5801.0,2019-11-20 23:18:58+05:30,
1,40.0,,5801.0,2019-11-20 12:17:51+05:30,
1,10.0,,5801.0,2019-11-19 17:03:55+05:30,
1,5.0,,5801.0,2019-11-18 21:06:14+05:30,
1,5.0,,5801.0,2019-11-18 20:15:15+05:30,
0,11.0,,,2019-11-17 20:11:10+05:30,
2,325.0,,5801.0,2019-11-17 20:10:30+05:30,
1,5.0,,5801.0,2019-11-17 00:37:30+05:30,
1,30.0,,5801.0,2019-11-16 11:20:50+05:30,
1,5.0,,5801.0,2019-11-16 02:32:02+05:30,
1,30.0,,5801.0,2019-11-14 01:14:14+05:30,
1,10.0,,5801.0,2019-11-13 20:22:02+05:30,
1,10.0,,,2019-11-13 20:21:28+05:30,
1,10.0,,,2019-11-13 20:21:19+05:30,
1,4.0,,5801.0,2019-11-13 16:33:56+05:30,
1,20.0,,5801.0,2019-11-13 16:33:04+05:30,
2,40.0,,5801.0,2019-11-13 13:15:52+05:30,
1,10.0,,5801.0,2019-11-12 21:08:42+05:30,
1,29.0,,5801.0,2019-11-12 21:04:25+05:30,
1,21.0,,5801.0,2019-11-12 00:17:51+05:30,
1,15.0,,5801.0,2019-11-11 18:15:19+05:30,
1,15.0,,5801.0,2019-11-11 18:14:40+05:30,
1,92.0,,,2019-11-10 16:02:45+05:30,
1,20.0,,5801.0,2019-11-07 17:30:12+05:30,
1,10.0,,5801.0,2019-11-06 20:31:43+05:30,
2,40.0,,5801.0,2019-11-02 10:44:28+05:30,
2,25.0,,5801.0,2019-10-29 16:11:17+05:30,
1,28.0,,5801.0,2019-10-28 12:39:11+05:30,
1,178.19,ixigo,5801.0,2019-10-27 09:39:48+05:30,E-commerce
0,11.0,,,2019-10-25 01:39:03+05:30,
2,230.0,,5801.0,2019-10-25 01:38:09+05:30,
2,230.0,,,2019-10-25 01:37:47+05:30,
0,35.0,,,2019-10-24 14:17:56+05:30,
0,35.0,,,2019-10-24 14:17:19+05:30,
0,15.0,,,2019-10-22 21:14:25+05:30,
2,379.0,,5801.0,2019-10-22 21:13:41+05:30,
1,213.68,,,2019-10-16 16:57:52+05:30,
0,280.0,,,2019-10-16 12:03:30+05:30,
0,12.0,,,2019-10-10 10:44:04+05:30,
1,289.17,ixigo,5801.0,2019-10-10 10:42:02+05:30,E-commerce
1,14.0,,5801.0,2019-09-30 13:12:34+05:30,
1,30.0,,5801.0,2019-09-29 11:56:01+05:30,
0,180.0,,,2019-09-29 06:49:55+05:30,
0,360.0,,,2019-09-28 22:49:57+05:30,
0,180.0,,,2019-09-28 22:29:12+05:30,
2,70.0,,5801.0,2019-09-28 10:29:23+05:30,
0,15.0,,,2019-09-28 10:29:21+05:30,
0,80.0,,,2019-09-27 13:31:19+05:30,
1,30.0,,5801.0,2019-09-25 19:00:09+05:30,
1,25.0,,5801.0,2019-09-24 17:17:17+05:30,
1,70.0,,5801.0,2019-09-23 11:36:32+05:30,
1,36.0,,5801.0,2019-09-21 17:53:52+05:30,
0,21.0,,,2019-09-18 21:35:59+05:30,
1,42.0,,5801.0,2019-09-18 21:35:19+05:30,
